{
    "GPIO_MODE_DIGITAL": 0,
    "GPIO_MODE_DIGITAL_PULL_UP": 1,
    "GPIO_MODE_DIGITAL_PULL_DOWN": 2,
    "GPIO_MODE_ANALOG_IN": 3,
    "GPIO_MODE_UART_A": 4,
    "GPIO_MODE_UART_B": 5,
    "GPIO_MODE_UART_C": 6,
    "GPIO_MODE_CAN_A": 7,
    "GPIO_MODE_I2C_A": 8,
    "GPIO_MODE_SPI_A": 9,
    "GPIO_MODE_PWM": 10,
    "GPIO_MODE_ENC0": 11,
    "GPIO_MODE_ENC1": 12,
    "GPIO_MODE_ENC2": 13,
    "GPIO_MODE_MECH_BRAKE": 14,
    "GPIO_MODE_STATUS": 15,
    "STREAM_PROTOCOL_TYPE_FIBRE": 0,
    "STREAM_PROTOCOL_TYPE_ASCII": 1,
    "STREAM_PROTOCOL_TYPE_STDOUT": 2,
    "STREAM_PROTOCOL_TYPE_ASCII_AND_STDOUT": 3,
    "PROTOCOL_SIMPLE": 1,
    "AXIS_STATE_UNDEFINED": 0,
    "AXIS_STATE_IDLE": 1,
    "AXIS_STATE_STARTUP_SEQUENCE": 2,
    "AXIS_STATE_FULL_CALIBRATION_SEQUENCE": 3,
    "AXIS_STATE_MOTOR_CALIBRATION": 4,
    "AXIS_STATE_ENCODER_INDEX_SEARCH": 6,
    "AXIS_STATE_ENCODER_OFFSET_CALIBRATION": 7,
    "AXIS_STATE_CLOSED_LOOP_CONTROL": 8,
    "AXIS_STATE_LOCKIN_SPIN": 9,
    "AXIS_STATE_ENCODER_DIR_FIND": 10,
    "AXIS_STATE_HOMING": 11,
    "AXIS_STATE_ENCODER_HALL_POLARITY_CALIBRATION": 12,
    "AXIS_STATE_ENCODER_HALL_PHASE_CALIBRATION": 13,
    "ENCODER_MODE_INCREMENTAL": 0,
    "ENCODER_MODE_HALL": 1,
    "ENCODER_MODE_SINCOS": 2,
    "ENCODER_MODE_SPI_ABS_CUI": 256,
    "ENCODER_MODE_SPI_ABS_AMS": 257,
    "ENCODER_MODE_SPI_ABS_AEAT": 258,
    "ENCODER_MODE_SPI_ABS_RLS": 259,
    "ENCODER_MODE_SPI_ABS_MA732": 260,
    "CONTROL_MODE_VOLTAGE_CONTROL": 0,
    "CONTROL_MODE_TORQUE_CONTROL": 1,
    "CONTROL_MODE_VELOCITY_CONTROL": 2,
    "CONTROL_MODE_POSITION_CONTROL": 3,
    "INPUT_MODE_INACTIVE": 0,
    "INPUT_MODE_PASSTHROUGH": 1,
    "INPUT_MODE_VEL_RAMP": 2,
    "INPUT_MODE_POS_FILTER": 3,
    "INPUT_MODE_MIX_CHANNELS": 4,
    "INPUT_MODE_TRAP_TRAJ": 5,
    "INPUT_MODE_TORQUE_RAMP": 6,
    "INPUT_MODE_MIRROR": 7,
    "INPUT_MODE_TUNING": 8,
    "MOTOR_TYPE_HIGH_CURRENT": 0,
    "MOTOR_TYPE_GIMBAL": 2,
    "MOTOR_TYPE_ACIM": 3,
    "ODRIVE_ERROR_NONE": 0,
    "ODRIVE_ERROR_CONTROL_ITERATION_MISSED": 1,
    "ODRIVE_ERROR_DC_BUS_UNDER_VOLTAGE": 2,
    "ODRIVE_ERROR_DC_BUS_OVER_VOLTAGE": 4,
    "ODRIVE_ERROR_DC_BUS_OVER_REGEN_CURRENT": 8,
    "ODRIVE_ERROR_DC_BUS_OVER_CURRENT": 16,
    "ODRIVE_ERROR_BRAKE_DEADTIME_VIOLATION": 32,
    "ODRIVE_ERROR_BRAKE_DUTY_CYCLE_NAN": 64,
    "ODRIVE_ERROR_INVALID_BRAKE_RESISTANCE": 128,
    "CAN_ERROR_NONE": 0,
    "CAN_ERROR_DUPLICATE_CAN_IDS": 1,
    "AXIS_ERROR_NONE": 0,
    "AXIS_ERROR_INVALID_STATE": 1,
    "AXIS_ERROR_WATCHDOG_TIMER_EXPIRED": 2048,
    "AXIS_ERROR_MIN_ENDSTOP_PRESSED": 4096,
    "AXIS_ERROR_MAX_ENDSTOP_PRESSED": 8192,
    "AXIS_ERROR_ESTOP_REQUESTED": 16384,
    "AXIS_ERROR_HOMING_WITHOUT_ENDSTOP": 131072,
    "AXIS_ERROR_OVER_TEMP": 262144,
    "AXIS_ERROR_UNKNOWN_POSITION": 524288,
    "MOTOR_ERROR_NONE": 0,
    "MOTOR_ERROR_PHASE_RESISTANCE_OUT_OF_RANGE": 1,
    "MOTOR_ERROR_PHASE_INDUCTANCE_OUT_OF_RANGE": 2,
    "MOTOR_ERROR_DRV_FAULT": 8,
    "MOTOR_ERROR_CONTROL_DEADLINE_MISSED": 16,
    "MOTOR_ERROR_MODULATION_MAGNITUDE": 128,
    "MOTOR_ERROR_CURRENT_SENSE_SATURATION": 1024,
    "MOTOR_ERROR_CURRENT_LIMIT_VIOLATION": 4096,
    "MOTOR_ERROR_MODULATION_IS_NAN": 65536,
    "MOTOR_ERROR_MOTOR_THERMISTOR_OVER_TEMP": 131072,
    "MOTOR_ERROR_FET_THERMISTOR_OVER_TEMP": 262144,
    "MOTOR_ERROR_TIMER_UPDATE_MISSED": 524288,
    "MOTOR_ERROR_CURRENT_MEASUREMENT_UNAVAILABLE": 1048576,
    "MOTOR_ERROR_CONTROLLER_FAILED": 2097152,
    "MOTOR_ERROR_I_BUS_OUT_OF_RANGE": 4194304,
    "MOTOR_ERROR_BRAKE_RESISTOR_DISARMED": 8388608,
    "MOTOR_ERROR_SYSTEM_LEVEL": 16777216,
    "MOTOR_ERROR_BAD_TIMING": 33554432,
    "MOTOR_ERROR_UNKNOWN_PHASE_ESTIMATE": 67108864,
    "MOTOR_ERROR_UNKNOWN_PHASE_VEL": 134217728,
    "MOTOR_ERROR_UNKNOWN_TORQUE": 268435456,
    "MOTOR_ERROR_UNKNOWN_CURRENT_COMMAND": 536870912,
    "MOTOR_ERROR_UNKNOWN_CURRENT_MEASUREMENT": 1073741824,
    "MOTOR_ERROR_UNKNOWN_VBUS_VOLTAGE": 2147483648,
    "MOTOR_ERROR_UNKNOWN_VOLTAGE_COMMAND": 4294967296,
    "MOTOR_ERROR_UNKNOWN_GAINS": 8589934592,
    "MOTOR_ERROR_CONTROLLER_INITIALIZING": 17179869184,
    "MOTOR_ERROR_UNBALANCED_PHASES": 34359738368,
    "CONTROLLER_ERROR_NONE": 0,
    "CONTROLLER_ERROR_OVERSPEED": 1,
    "CONTROLLER_ERROR_INVALID_INPUT_MODE": 2,
    "CONTROLLER_ERROR_UNSTABLE_GAIN": 4,
    "CONTROLLER_ERROR_INVALID_MIRROR_AXIS": 8,
    "CONTROLLER_ERROR_INVALID_LOAD_ENCODER": 16,
    "CONTROLLER_ERROR_INVALID_ESTIMATE": 32,
    "CONTROLLER_ERROR_INVALID_CIRCULAR_RANGE": 64,
    "CONTROLLER_ERROR_SPINOUT_DETECTED": 128,
    "ENCODER_ERROR_NONE": 0,
    "ENCODER_ERROR_UNSTABLE_GAIN": 1,
    "ENCODER_ERROR_CPR_POLEPAIRS_MISMATCH": 2,
    "ENCODER_ERROR_NO_RESPONSE": 4,
    "ENCODER_ERROR_UNSUPPORTED_ENCODER_MODE": 8,
    "ENCODER_ERROR_ILLEGAL_HALL_STATE": 16,
    "ENCODER_ERROR_INDEX_NOT_FOUND_YET": 32,
    "ENCODER_ERROR_ABS_SPI_TIMEOUT": 64,
    "ENCODER_ERROR_ABS_SPI_COM_FAIL": 128,
    "ENCODER_ERROR_ABS_SPI_NOT_READY": 256,
    "ENCODER_ERROR_HALL_NOT_CALIBRATED_YET": 512,
    "SENSORLESS_ESTIMATOR_ERROR_NONE": 0,
    "SENSORLESS_ESTIMATOR_ERROR_UNSTABLE_GAIN": 1,
    "SENSORLESS_ESTIMATOR_ERROR_UNKNOWN_CURRENT_MEASUREMENT": 2
}